{
  "type": "minecraft:crafting_shaped",
  "category": "equipment",
  "pattern": [
    "ABC",
    "BDB",
    "EBA"
  ],
  "key": {
    "A": {
      "item": "minecraft:wind_charge"
    },
    "B": {
      "item": "minecraft:lapis_lazuli"
    },
    "C": {
      "item": "minecraft:amethyst_shard"
    },
    "D": {
      "item": "minecraft:nether_star"
    },
    "E": {
      "item": "minecraft:stick"
    }
  },
  "result": {
    "id": "qianzan:qianzan",
    "count": 1
  }
}